Abagnale , Abate   , Abati , Abba   , Abbadia   , Abbagnale , Abbandando , Abbate , Abbati , Abbatini , Abbiati , Abbondanza , Abbondanzieri , Abbrescia , Abbruzzi , Abruzzese   , Abruzzo   , Acampora , Accardi , Accardo , Accorsi , Accrocca , Acerbi , Achilli , Achillini , Acocella , Acquarone , Acquavella   , Adami   , Adamo , Adamoli   , Addonizio , Adduono , Ademollo , Adolfi , Adorni , Adorno   , Agazzi , Agliardi , Aglietta , Aglio , Agnelli , Agnello , Agnesi , Agnoletto , Agnoli , Agnolin , Agosti , Agostini , Agostino   , Agostoni , Agresti , Agusta   , Agustini , Aiello , Airoldi , Aiuti , Ajmone-Marsan , Alamanni   , Alatri   , Albanese , Albanesi , Albani , Albano   , Albarelli , Albarello   , Albasini , Albergati , Alberghetti , Alberghini , Albergoni , Alberici , Alberione , Alberoni   , Albini , Albizzi , Albone   , Alboni , Alborghetti , Alciati , Alderisi , Aldighieri , Aldini , Aldrovandini , Alemagna , Aleotti , Alfano   , Alfieri , Alghisi , Aliberti , Alinovi , Aliotti , Allasio , Allegretti , Allegri , Allio , Allocca , Almici , Almirante   , Aloisi , Alterio , Altieri , Altobelli , Alverà , Alvisi , Amadei , Amadio , Amadori , Amati   , Amato   , Ambu   , Amendola , Amerio , Amighetti , Ammirato , Amodei , Amoroso   , Amurri , Anaclerio , Anceschi , Ancona   , Anderlini , Andorno   , Andreini , Andreoli , Andreoni , Andreotti , Andretti , Andreucci , Andriani , Androgna , Angela   , Angelelli , Angeleri , Angeli , Angelici , Angelini   , Angellotti , Angeloni , Anghileri , Angioletti , Angiolini , Angioni , Angrisani , Anichini , Animuccia , Annibali , Annunziata , Ansaldi   , Ansaldo   , Ansaloni , Anselmi , Antenucci , Antinori   , Antognazza , Antonacci , Antonelli , Antonellis , Antoniano   , Antoniazzi , Antonietti , Antonini   , Antonioni   , Anzalone , Anzilotti , Apolloni , Apuzzo , Aquila   , Aquino   , Aragona   , Araldi , Arata   , Arborio   , Arcangeli , Arcari , Archinti , Arcidiacono , Ardinghi , Arditi   , Ardizzone , Ardolino , Aretusi , Argenti , Argentieri , Argento , Aricò , Arienti , Ariotti , Armani   , Armano , Armellini , Armellino , Armentano , Armetta , Armone , Arnone , Aroldi , Arrighetti , Artom , Artuso , 
Ascani , Ascari   , Assereto , Astori , Astorino , Attanasio , Attardo , Attolico , Atzori , Audisio , Avellino   , Avellone , Avitabile , Azzini , Azzolina , Azzolini , Baccalario , Baccari , Bacchelli , Bacchetti , Bacchi , Bacchini   , Bacci   , Baccilieri , Baccini , Bacciocchi , Bacigalupo , Bacuzzi , Badalamenti , Badalucco   , Badaracco , Badiali   , Baffi , Bagarella , Baggini , Baggio , Baglietto   , Baglini , Baglioni , Bagnis , Bailetti , Baiocchi , Balbi , Balboni , Balconi   , Baldaccini , Baldan , Baldi   , Baldini , Baldissera , Baldoni , Balducci , Balestra   , Balestri , Balestrini , Baliani , Ballardini , Ballarin , Ballarini , Balleri , Ballerini , Ballestrero , Ballini , Balzano , Balzarini , Bamonte , Bandiera , Bandinelli   , Banducci , Banegas , Banti , Baracchi , Barale , Barassi   , Barati , Baratta , Barbarigo , Barbaro   , Barbasetti , Barbato , Barbella , Barbero , Barbetti , Barbiani , Barbieri , Barbiero , Barbin   , Barbini , Barbolini , Barbuti , Bardelli , Bardellino , Barducci , Barella , Bargnani , Barilla   , Barillari , Bariviera , Barluzzi , Baronchelli , Barone   , Baroni , Baronio , Barreca , Barresi , Barsanti , Barsotti , Bartalini , Bartolena , Bartoletti , Bartoli , Bartolini , Bartolo   , Bartolomei , Bartolotta , Bartolozzi , Bartolucci , Barucco , Barzizza , Basaglia , Basaldella , Baselli , Basoli   , Bassani , Bassano   , Bassi   , Bassignani , Bassini , Bassino , Basso   , Bassoli , Bastianelli , Bastianini , Bastoni , Battaglia   , Battaglini , Battiato , Battista , Battistelli , Battisti , Battistini , Baudino , Bava , Bavagnoli , Bazzani , Bazzaro , Bazzoni , Becatti , Beccari , Becchi , Bechi , Bechis , Beduschi , Beffa , Beggiato , Beghetto , Belardi , Belcastro   , Belforti , Belinelli , Bella   , Bellandi , Bellei , Bellemo , Belleri , Belli   , Bellincioni , Bellini , Bellisario , Bellizzi   , Bello   , Bellocco , Bellodi , Bellomo , Belloni , Bellotti , Bellotto , Bellucci , Bellugi , Belluschi , Bellusci , Belmondo , Belotti , Beltrami   , Beltramini , Benaglio , Benassi , Benatti , Bendinelli , Benedetti , Benelli   , Benetti   , Benfatto , Benigni , Beninati , Benini , Bennati , Bentivegna , Bentivoglio   , Benussi , Benuzzi , Benvenga , Benvenuti , Benzoni , Berardinetti , Bercellino , Berdini , Beretta   , Bergamaschi , Bergamasco   , Bergamelli , Bergamini , Bergamo   , Bergonzini , Berizzo , Berlese , Berlingeri , Berlinghieri , Berlinguer , Berlusconi   , Bernabò , Bernardini   , Bernardino , Bernasconi   , Bernero , Berni   , Bernini   , Bernocchi , Berretti , Berrettini , Berrettoni , Berruti , Bersani   , Bertacco , Bertagna , Bertani , Bertarelli , Bertelli , Berti , Bertinelli , Bertino , Bertinotti   , Bertocchi   , Bertogna , Bertolacci , Bertolami , Bertolaso , Bertolazzi , Bertoldi , Bertoli , Bertolin , Bertolini , Bertolo , Bertolotti , Bertolotto , Bertolucci   , Bertoncini , Bertone , Bertoni , Bertorelli , Bertotti , Bertozzi , Bertuccelli , Bertucci , Bertuzzi , Berzano , Besana   , Beschi , Besozzi , Bessi   , Betrone , Bettarini , Bettega , Betti   , Bettiga , Bettini , Bettiol , Bettoni , Bevilacqua   , Bezzi , Biagetti , Biaggi , Biagini , Biagioni , Biagiotti , Bianchetti   , Bianchi   , Bianchin , Bianchini , Bianciardi , Bianco   , Bianconi , Biancucchi , Biancucci , Biasatti , Biasini , Biassoni , Biava , Bidognetti , Bigagli , Bigazzi , Biggio , Bigliardi , Bilotta , Bilotti , Bindi   , Bini   , Binotto , Biolo , Biondi , Biondo , Biraghi , Birindelli , Bisagno , Biscardi , Bisceglia , Bisiach , Bisognin , Bisoli , Bizzarri , Bizzelli , Bizzi , Bizzotto , Blasi , Bo   , Boari , Boccabadati , Boccaccini , Bocchi , Bocchini , Bocci   , Bocciardo , Boccoli , Bodini , Boero , Boetto , Boffi , Boggia , Boiardi , Boiardo , Bojardi , Bolchi , Boldi , Boldrini , Bolelli , Bollini , Bolocco , Bolognetti , Bolognini , Bolsonaro   , Bolzan , Bolzoni , Bombardieri , Bombelli , Bomprezzi , Bonaiuti , Bonamici , Bonanni , Bonanno , Bonanomi , Bonansea , Bonaparte , Bonatti , Bonavia , Bonazzoli , Bonci , Bonelli , Bonera , Bonfante , Bonfanti , Bonfatti , Bonfigli , Bonfiglioli , Bongino , Bongioanni , Bongiorni , Bonifacio   , Bonini   , Boninsegna , Boniperti , Bonolis , Bonomi , Bonomini , Bononi , Bontadini , Bontempelli , Bonucci , Borasi , Borboni , Bordignon , Bordini , Bordoni , Borelli , Borello , Borgato , Borgatti , Borgese , Borghetti , Borghi   , Borghini , Borgioli , Borgognone , Borgognoni , Borla , Borrello   , Borri , Borriello , Borsellino , Borsetti , Borsi , Borsoi , Bortolami , Bortolazzi , Bortolotti , Bortolotto , Bortoluzzi , Bosatta , Boscaglia , Boscardin , Boscarino , Boschetti , Boschetto , Boscolo , Boselli , Bosio   , Bosisio , Bossi   , Botero , Bottaro , Bottazzi , Bottazzo , Botteri , Bottici , Botticini , Bottiglieri , Bottini , Bottoni , Bottura , Bovio , Bovone , Bozzano , Bracchi , Bracci , Bracciali , Bracco , Braga   , Bragaglia , Braglia , Bramati , Brambani , Brambilla , Brancaccio family , Brancato , Brandimarte   , Brandolini , Brascia , Breda   , Bresadola , Breschi , Bresci , Brescia   , Bresciano , Bressan , Brevi , Briano , Brienza   , Briganti   , Brighenti , Brighi , Briglia , Brignetti , Brignoli , Brignone , Brindisi   , Brioschi , Brivio   , Brizi , Brizio , Brizzi , Brocchi , Broccolini   , Broggi , Brogi , Bronzini , Bronzoni , Brosio , Brotto , Brozzi , Brucato , Brunelleschi   , Brunelli , Brunello   , Brunetta , Brunetti , Bruni   , Bruno   , Brunod   , Brunori , Brusasco   , Brusca , Bruschi , Bruschini , Bruzzese , Bruzzone , Bucchi , Bucci , Bucciarelli , Bufalini   , Bugiardini , Buglio , Bugno , Bulgarelli , Bulgheroni , Buonamici , Buonanotte , Buonarroti , Buoniconti , Buono   , Buonocore , Buonomo , Burani , Buratti , Burelli , Burlando , Burrini , Busacca , Buscaglia , Buscaglione , Buscaino , Bussaglia , Bussetti   , Busso   , Butera   , Buti   , Buzzanca , Buzzi , Cabello   , Cabrini , Cacace , Caccavale , Caccia , Caccianemici , Cacciatore   , Cacciatori , Caccini , Caccioli , Cadamuro   , Cadore   , Caetani , Cafagna , Caffarelli , Caffi , Cafiero , Caggiano   , Cagna , Cagni , Cagno   , Cagnotto , Caianiello , Caimo , Caiola , Cairo   , Caironi , Caito , Calabrese   , Calabresi , Calabro   , Calafiore , Calamai , Calandrelli , Calandrini , Calcagni , Calcagnini , Calcagno , Calcaterra , Calderini , Calderone , Calderoni , Calegari , Caletti , Calì , Caligiuri , Callegari , Calleri , Calliari , Calloni , Calò   , Caloia , Caltabiano , Caltagirone   , Calvano , Calvello   , Calvesi , Calvi   , Calvino   , Calvo   , Calzaghe , Calzavara , Calzini , Calzolari , Camassa , Cambiaso , Camerini   , Camerota   , Camilleri , Camilli , Camilliani , Camoletti , Campagnoli , Campanella   , Campanelli , Campanile   , Campanini , Campedelli , Campeggio , Campeol , Campi   , Campigli , Campiglia , Campinoti , Campioli , Campioni   , Campisi , Campobello , Campogalliani , Camporese , Campori , Camusso , Canale   , Canali   , Canani , Canaveri , Canavese   , Canavesio , Cancellotti , Candiani , Canessa , Canevari , Canfari , Canfora , Cangelosi , Cangini , Canini   , Canino   , Cannarozzi , Cannata , Cannavale , Cannavò , Cannella , Cannone , Cannuli , Cantafora , Cantalamessa , Cantalupo , Cantaluppi , Cantamessa , Cantarello , Cantarini , Cantarutti , Cantatore , Cantelli , Cantini , Cantoni , Cantù   , Canuti , Canziani , Capalbo , Capaldi , Capanna , Capano , Capasso , Capecchi , Capece , Capelli , Capello , Capitani , Capitanio , Capoccia , Capodaglio , Capogrosso , Capolicchio , Capone   , Caponegro , Caponi , Caponigro , Caporali , Caporaso , Capotondi , Capovilla , Capozzi , Capozzoli , Cappa   , Capparelli , Cappelletti   , Cappellini , Cappello , Cappellotto , Capponi , Capra , Caprari , Capria , Caprile   , Caprio , Caprioglio , Caprioli   , Capua   , Capuana , Capuano , Capucci , Capurso   , Caputi , Caputo , Capuzzi , Capuzzo , Carabelli , Caracciolo , Caratti , Carattino , Carbone , Carboni , Carcione , Cardarelli , Cardella , Cardelli , Cardi , Cardinali , Cardini , Cardone , Cardoni   , Carducci , Carelli , Carfagna , Cariello , Carillo , Caringi , Carini   , Carli   , Carloni , Carmassi , Carmellini , Carmignani , Carminati , Carminucci , Carnaghi , Carnelli   , Carnera , Carnesecca , Carnesecchi , Carnevali , Carofiglio , Carosi , Carosone , Carotenuto , Carotti , Carozza , Carpani , Carpegna   , Carpi   , Carpino   , Carpinoni , Carrara   , Carraretto , Carraro , Carrera   , Carretta , Carrieri , Carrozza   , Caruana , Caruso   , Carzino , Casaccia   , Casadei , Casale   , Casalegno , Casali , Casalini   , Casalino   , Casanova   , Casarin , Casaroli , Casarotto , Casartelli , Casati , Cascella , Cascio , Cascioli , Cascione , Cascone , Casellati , Caselli , Casillo , Casini , Casiraghi , Casoli   , Casolla , Casoni , Casorati , Cassani , Cassiani , Cassioli , 
Cassola   , Castagna , Castagnetti , Castellano   , Castellazzi , Castelli   , Castellini , Castellitto , Castello   , Castellucci , Castelnuovo   , Castiglia , Castigliano , Castiglione   , Castiglioni , Castorina , Castrilli , Catalani , Catalano , Catalanotto , Cataldi , Catanese , Catani   , Catania   , Catanzariti , Catapano , Catellani , Cattaneo , Cattani , Cavadini , Cavagna , Cavagnari , Cavalcante   , Cavalcanti , Cavaliere   , Cavalieri , Cavallari , Cavalleri , Cavalli , Cavallini , Cavallone , Cavallucci   , Cavazzola , Cavazzoni , Cavazzuti , Cavicchioli , Caviglia , Caymmi , Cazzaniga , Cazzola , Ceccarelli , Ceccarini , Ceccherini , Cecchetti , Cecchetto , Cecchi , Cecchinato , Cecchini , Cecconi , Ceccotti , Ceci , Cecon , Celestini , Cellario , Celletti , Cellini   , Cennamo , Centazzo , Centofanti , Centopani , Centrone , Ceppellini , Cerasi , Ceravolo , Cercato , Cerci , Cercone , Ceresoli , Ceretti , Ceriani   , Cerilli , Cerioni , Cernuto , Ceroli , Cerquetti , Cerretani , Cerreti , Cerri , Cerruti   , Cerullo , Cerundolo , Ceruti , Cervelli , Cervi , Cervone , Cesa   , Cesaretti , Cesari , Cesarini , Cesati , Cesca , Ceserani , Cesi   , Cesina   , Cesini   , Cevenini , Checchi , Checchin , Checcucci , Cheli   , Cherubini , Chesi , Chia   , Chianese , Chiappa , Chiappini , Chiara   , Chiaradia , Chiarella , Chiarelli , Chiarini , Chiaromonte   , Chiarugi , Chiaverini , Chiazzolino , Chierchia , Chierici , Chierico , Chiesa , Chillemi , Chimenti , Chimirri , Chinellato , Chinetti , Chinnici , Chiocchetti , Chiocci , Chiodi , Chiostri , Chirico , Ciabattoni , Ciacci , Ciaccia , Cialente , Ciampa , Ciampi , Ciampoli , Cianci , Ciancio , Cianfanelli , Ciaramella , Ciardelli , Ciardi , Ciarrocchi , Ciavarro , Cibrario , Cicarelli , Ciccarelli , Cicchetti   , Ciccolella , Ciccone , Ciccotti , Cicogna , Cicognani , Cicognara , Cifarelli , Cifra , Cignani , Ciliberti , Cimatti   , Cimini   , Cimino   , Cimmino , Cincotti , Cingolani , Cinquemani , Cinquetti , Cinquini , Ciocchi , Ciocchi Del Monte , Ciocci , Ciofi , Ciolli , Cioni , Ciotti , Cipolla , Cipollone , Cirelli , Ciriani , Cirillo , Cirulli , Citterio , Ciucci , Civita   , Claro   , Claudio , Clemente , Clementi , Clerici , Climati , Cobelli , Cobolli , Coccia , Cocuzza , Coduri , Cogliano , Cola   , Colacurcio , Colaiacovo , Colaneri , Colao , Colautti , Colella , Coletta   , Coletti , Colletti , Colli   , Collini , Colombari , Colombini , Colombo   , Colosi , Colturi , Colucci , Coluccio , Columbu , Comandini , Comaschi , Comba   , Comella   , Comencini , Cometti , Cominelli , Cominotto   , Commisso , Conati , Concas , Conci , Concina , Condello , Confalone , Confalonieri , Conforti , Confortola , Conigliaro , Coniglio , Consolini , Consonni , Constantini , Constanzo , Conte   , Conterno , Contessi , Conti , Contini , Contino , Contri , Coppi , Coppo , Coppola   , Coppolino , Corapi , Corazza , Corazzari , Corazzini , Corazzo , Corbelli , Corbisiero , Corbucci , Corcione , Cordero , Cordone , Corelli   , Coriolano , Corioni , Cornacchia , Cornacchini , Corradi , Corradini , Correnti , Corsaro , Corsetti , Corsi   , Corsini , Corte   , Cortellini , Cortese   , Corti , Cortina , Coscia , Cosentini , Cosentino , Cossu , Cossutta , Costa   , Costagliola , Costamagna , Costantini , Costantino , Costanza   , Costanzo , Costigliolo , Cosulich , Cotroni , Cotti , Cottone , Cotugno , Covassi   , Covi , Covino , Covre , Cozza , Cozzi , Cozzoli , Cozzolino , Cravero , Craxi , Crecco , Cremaschi , Cremonesi , Crepaldi , Crescimbeni , Crescitelli , Crespi , Crialese , Cribari , Crimi , Crippa , Crisafulli , Criscione , Criscuolo , Crispino , Cristaldi , Cristofali , Cristofani , Cristofari , Cristofoli , Cristofori   , Crivellaro , Crivello , Crocco , Croce   , Crocetti , Croci   , Crociata , Crollalanza   , Crosato , Crosta , Crotti , Crotto , Cruciani , Cucchiara , Cuccia , Cucciari , Cucciolla , Cuccurullo , Cucinotta , Cudicini , Cuffaro , Cundari , Cunego , Cuneo   , Cunial , Cuoco , Cuomo , Curcetti , Curci , Curioni , Curtis , Curzio , Cusanelli , Cusano , Cutolo , Cuttitta , Cuzzetto , D'Abruzzo , D'Agata , D'Agnolo , D'Agostini , D'Agostino   , D'Albertis , D'Alessandro , D'Amato , D'Ambrosio , D'Amico , D'Angelo   , D'Antoni , D'Antonio , D'Apuzzo , D'Arienzo , D'Ascenzo , D'Eramo , D'Inzeo , D'Oppido , D'Urso , Da Col , Da Fiesole , Da Re , Da Ros , Dainelli , D'Alessio , Dalla Libera , Dallamano , Dalli   , Dalmazzo , Dametto , Damiani , Dandini , Dandolo   , D'Andrea , Daniele   , Dantonio , Danzi , Davide , Dazzi , De Angelis , De Arcangelis , De Berardinis , De Blasio   , De Bono , De Carlo , De Carolis , De Cecco   , De Cesare , De Cristoforis , De Dominicis , De Felice , De Filippi , De Filippis , De Francesco , De Laurentiis   , De Lima , De Lorenzo , De Marchi , De Martini , De Martino , De Michele , De Michelis , De Negri , De Niro   , De Nittis , De Piero , De Pietro , De Pra , De Rossi , De Sanctis , De Sio , De Stefani , De Stefano , DeCaprio , Decarli , DeCarlo , DeCicco , Defendi , Degani , Degano , Deguara , Del Buono , Del Carretto , Del Debbio , Del Negro , Del Prete , Del Rosario , Del Sarto , Del Turco   , Del Vecchio   , Deledda , Delgrosso , Dell'Acqua , Dell'Agnello , Dell'Aquila , Dell'Orco , Della Bella , Della Penna , Della Pergola , Della Rocca , Delli Carri , DeLorenzo , DeLuca , Delzoppo , Demuro , Denegri , DeNucci , DeRocco , DeSalvo , Descalzi , Desderi , Desideri , Dessì , DeStefano , Destro   , Detti , Dettori , Devecchi , DeVito , Di Carlo , Di Bella , Di Bello , Di Capua , Di Cecco , Di Centa , Di Cesare , Di Chirico , Di Costanzo , Di Francesco , Di Giacomo , Di Giorgi   , Di Giorgio , Di Giovanni , Di Giuseppe , Di Lauro , Di Lazzaro , Di Leo , Di Lorenzo , Di Loreto , Di Maio , Di Mambro , Di Martino , Di Matteo , Di Natale , Di Palma , Di Paola , Di Paolo , Di Piero , Di Pietro , Di Rienzo , Di Stefano , DiCaprio   , DiCarlo , DiCosmo , DiMaggio , DiMarco , DiMichele , Dinelli , Dini , DiNucci , Dionigi , Dionisi , Dionisotti , DiPaolo , Dipierro , DiPino , DiSanto , Discenzo , Distefano , Dodaro , Dolce   , Dolfini , Domenicali , Domenichelli , Domenici , Dominici   , Donadi   , Donadoni , Donaggio , Donatelli , Donati , Donato   , Donatoni , Donatucci , Donazzan , Dondero , Donizetti   , Donnarumma , Donnini , Donzelli , Dorigo , Dossi , Dotti , Dovidio , Draghetti , Dragna , Drago   , Dragonetti , Drigo , Ducceschi , Dudan , Dugoni , Durante , Einaudi , Emanueli , Emiliani , Emmanuello , Endrizzi , Englaro , Enrici , Eppolito , Ercolani , Ercoli , Ercolini , Errani , Errigo , Eruzione , Escuti , Esposito , Ettori , Eusepi , Evangelisti , Fabbiani , Fabbiano , Fabbrini , Fabi   , Fabini , Fabrizi , Fabrizio , Fabro   , Faccani , Facchetti , Facchin , Facchinetti , Facchini , Facci , Faccini , Faccioli , Facco , Facetti , Fadini , Faggin , Faggioli , Fagioli , Fagnani , Fagnano , Fagone , Falaschi , Falchi , Falcinelli , Falcioni , Falco   , Falconi , Falconio , Falzone , Famiglietti , Fancelli , Fanelli , Fanini , Fantini , Fantuzzi , Fanucchi , Fanucci , Farci , Farelli , Farina   , Farinacci   , Farinella , Farro   , Fasana   , Fasano   , Fasoli , Fasolo , Fassina , Fattori , Fattoruso , Fauci   , Faustini , Favalli , Favaro , Favazza , Favero , Fazzari , Fazzi , Fedele , Federici , Fedi , Fedrizzi , Felicetti , Felici , Feliciani , Feliciano   , Felicioli , Felisatti , Fenaroli , Fenati , Fenzi   , Ferlito , Ferragni , Ferraioli , Ferranti   , Ferrara   , Ferraresi , Ferrari   , Ferrario , Ferraris   , Ferraro , Ferrato , Ferrazza , Ferrazzi , Ferrero   , Ferretti   , Ferri , Ferrigno   , Ferro   , Ferronetti , Ferroni , Ferrucci , Ficano , Ficatelli , Fierro , Fietta , Figliomeni , Figliuzzi , Figoli , Filipacchi , Filippi , Filippini , Filizzola , Filomarino , Filomeno , Fimognari , Finali   , Finardi , Finazzi , Finelli , Finizio , Finocchiaro , Fioravanti   , Fiore   , Fiorentino   , Fiorenza   , Fioretti   , Fiori   , Fiorilli , Fiorini   , Fioroni , Fiorucci   , Fiscella , Fischetti , Fisichella   , Fissore , Fiumara   , Fizzarotti , Flacco , Flammini , Floriani , Floriano , Floridia   , Florimo , Florio   , Fogli , Foglio , Fognini , Fonda   , Fondacaro , Fontana   , Fontanella , Fontanelli , Fontanini , Fontolan , Forcellini , Forcillo , Forlani , Forlanini , Forleo , Formenti , Fornaciari , Fornaroli , Fornelli   , Fornoni , Forte   , Forti   , Fortugno , Fortunati , Forzano , Foschi , Foscolo   , Frabotta , Fracassi , Fracassini , Francella , Franceschetti , Franceschi , Franceschini , Francesconi , Franchetti , Franchi , Franchini , Franchino , Francioni , Franciosi , Francischini , Franco   , Francolini , Francona , Frangella , Franza , Franzese , Franzoni , Frascarelli , Frascatore , Fraschini   , Frascoli , Frasconi , Frasi , Frasnelli , Frassati , Frassinelli , Fratangelo , Fratta , Frattini , Fraumeni , Freda   , 
Freddi , Fresi , Frezza , Frezzolini , Frieri , Frigerio , Frignani , Frinolli , Frione , Frisoni , Frittelli , Frittoli , Frizza , Frizzi , Frontini , Frugoni , Fucilla , Fulci , Fumagalli   , Funicello , Furletti , Fusari , Fusaro   , Fuschi , Fusco , Fusi   , Gabbiadini , Gabellini , Gabriele , Gabrielli , Gabrio , Gadda , Gaeta   , Gaetano   , Gaggero , Gagliani , Gagliano   , Gagliardi , Gagliardo , Gaioni , Galassi , Galasso , Galbiati , Galbo   , Galeone , Galeotti , Galiazzo , Galignani , Galimberti , Galizia , Gallea , Galleani , Gallegati , Galli   , Galliani , Galliano   , Gallinari , Gallini   , Gallo   , Gallone , Galloni , Gallozzi , Gallucci , Galluccio   , Galluzzi , Galmarini , Galoppo , Galtieri , Galvani   , Gamba   , Gambarini , Gambaro , Gamberini , Gambetta   , Gambini , Gambino , Gambirasio , Gambone , Ganci , Gandini , Gandolfi , Gandolfini , Ganna   , Gannascoli , Garavini , Garavoglia , Garbuglia , Gardini , Gargano   , Garibaldi   , Gariboldi , Garinei , Garlini , Garofalo , Garozzo , Garrone , Garzelli , Garzena , Garzia   , Gasparetto , Gasparotti , Gasparotto , Gasparri , Gasparrini , Gasperini , Gattelli , Gatti , Gattuso , Gaudenzi , Gaudino , Gaudio , Gava   , Gavazzeni , Gavazzi , Gavinelli , Gazzaniga   , Gazzara   , Gazzari , Gazzera , Gazzoli , Gazzolo , Gelmi , Gelmini , Geminiani , Gemmellaro , Generali , Genna   , Gennaro   , Genova   , Genovese , Genovesi , Gentile   , Gentileschi , Gentili , Gentilini , Gentiloni , Geraci   , Gerini , Germani   , Germanotta , Gervasoni , Gessi , Gesualdi , Ghedin , Ghedini , Ghelli , Gherardini , Ghezzi , Ghidini , Ghidoni , Ghiglione , Ghilardi , Ghiotto , Ghirardelli   , Ghirlandaio , Ghislieri , Ghizzoni , Giacalone , Giacchino , Giaccio , Giacobazzi , Giacobbe , Giacobetti , Giacomazzi , Giacometti   , Giacomini   , Giacone , Giacoppo , Giafferi , Giai   , Giallombardo , Giamatti , Giambastiani , Giambelli , Giambi   , Giambrone , Giambruno , Giampaolo , Giancola , Gianello , Gianetti , Giangreco , Giannattasio , Giannelli , Giannessi , Giannetti , Gianni , Giannini   , Giannone , Giannotti , Gianoli , Giaquinto , Giardelli , Giardina , Giardini   , Giaretta , Giarola , Giarratano , Giarrusso , Giavazzi , 
Giazotto , Giglioli , Gilardi , Gilardino , Giletti , Gimelli , Ginesi , Ginetti , Ginóbili , Gioacchini , Gioli , Giolitti   , Giomo , Giongo , Gionta , Giordana , Giordani , Giordano   , Giorgetti , Giorgi   , Giorgianni , Giorgini , Giorno , Gioseffi , Giovanardi , Giovanelli , Giovannelli , Giovannetti , Giovannini , Giovinazzo   , Giovinco , Girardelli , Girelli , Girgenti , Girolami , Girometti , Girotti , Gislimberti , Gismondi , Giudici   , Giuffrida , Giugno , Giuliani , Giulietti   , Giunta , Giuntoli , Giupponi , Giurato , Giusti   , Giustini , Giustolisi , Gliozzi , Gobbato , Gobbi , Gobbo , Gobetti , Goffi , Goggi , Gollini , Gonnelli , Goretti , Gorga   , Gorla   , Gorrini , Gottardi , Gotti   , Gottifredi , Gozzadini , Gozzi , Grabbi , Gragnaniello , Gramaglia , Gramellini , Granata , Grande   , Grandi , Grandoni , Granelli , Granieri   , Granzotto , Grassetti , Grassi , Grassini , Graziani , Graziano , Graziosi , Grazzini , Greco   , Greggio   , Grella , Greppi , Grieco , Grillo   , Grimaldi , Grippo , Grisoni , Gritti , Gronchi   , Grosso   , Guadagnini   , Guadagnino , Guaita   , Gualdi , Gualterio family , Gualtieri   , Guanella , Guardigli , Guardini , Guarente , Guariglia , Guarini , Guarino , Guarisco , Guarna , Guarnaschelli , Guarnieri , Guastella , Guccione , Guerci , Guerini , Guerra , Guerrieri , Guerriero , Guglielmelli , Guglielmetti , Guglielmi   , Guglielminetti , Guglielmini , Guida , Guidetti , Guidi , Guido   , Guidone , Guidoni , Guidotti , Guiducci , Guiliano   , Guindani , Guizzardi , Gullo , Gulotta , Gurrieri , Guzzanti , Guzzo   , Iaccarino , Iacobucci , Iaconi , Iacopino , Iamonte , Iannarelli , Iannelli , Ianniello , Iannone , Iannucci , Iannuzzi , Iaquinta , Illiano , Impellizzeri , Improta , Inaudi , Incaviglia , Incerti , Incrocci , Indelicato , Indovina , Infantino , Infascelli , Inglese , Ingoglia , Ingrassia , Innocenti   , Insalaco , Interdonato , Interlenghi , Invernizzi , Inzaghi , Inzerillo , Iommi , Iommi   , Iorio , Iovino , Iozzi , Ippoliti , Ippolito , Isnardi , Issel , Italiano   , Iuliano , Iuzzolino , Ivaldi , Jacobini , Jaconelli , Jannuzzi , Jorio , Juliano   , Justiniani , L'Abbate , La Paglia , 
La Russa , La Vecchia , Labriola , Labruna , Lacava   , Lacedelli , Laezza , Lagioia , Lagorara , Lagorio , Lamanna , Lamberti , Lambertini , Lambrughi , Lambruschini , Lamorgese , Lamperti , Lampugnani   , Lancellotti , Lanci , Lancini , Landini   , Landolfi , Landucci , Lanfranchi , Langella , Langone , Lanini , Lanza , Lanzani , Lanzano , Lanzetta , Lanzi , Lanzini , Lanzoni , Lapentti , Lappoli , Larghi , Larini , Larosa , Laterza   , Latini   , Lattanzi , Lattanzio , Lattuada , Laurenti , Lauri   , Lauricella , Lavaggi , Lavagna   , Lavagnino , Lavazza   , Lavini , Lazzarato , Lazzari , Lazzarini , Lazzaroni   , Lazzarotto , Lazzeri , Leali , Leardi , Lecchi , Leggeri , Leggio , Lelli , Lenarduzzi , Lentini   , Lenzi   , Leonardi   , Leone , Leoni , Leonori , Leopardi   , Leotta , Lepore , Lepori , Lercari , Lertora , Lessona   , Letteri , Lettieri   , Leuzzi , Levati , Leveroni , Levi-Montalcini , Liberati   , Liberato   , Liberatore , Liberi   , Liberto , Libonati , Licata   , Licciardi , Lievore , Ligabue , Linari , Linati , Lione , Lionetti , Liotta , Liporace , Lipparini , Lippi , Liverani , Liviero , Livraghi , Lizaola , Lo Celso , Lo Duca , Lo Giudice , Lo Russo , Locatelli , Loddo   , Loffredo , Lojacono , Lojodice , Lolli , Lombardi   , Lombardo , Lombardozzi , Lonardi , Lonardo , Longo , Longobardi   , Longoni   , Lonzi , Lopresti , Loredan , Lorenzetti , Lorenzi , Lorenzini , Lorenzoni , Loreti , Lotti , Lovato , Lozzi   , Luca   , Lucarelli , Lucatelli , Lucchesi   , Lucchetta , Lucchetti , Lucchini , Lucci , Lucente , Lucenti , Luci , Luciani , Lucidi , Lucini , Lucio , Lucioni , Ludovici , Ludovisi , Luisetti , Luisi , Lunadei , Lunardi , Lunardini , Lunati , Luongo , Lupatelli , Lupi , Lupino , Lupo   , Luporini , Luraghi , Lusardi , Lusin , Lusoli , Lussana , Lussu   , Luti , Luttazzi , Luzi , Luzzani , Luzzati , Luzzatto , Luzzi   ,Maccari , Macchiarini , Macchiedo , Macellari , Maciocia , Macri , Madia   , Madonia , Madruzzo , Maestrelli , Maestri , Magaddino , Magalotti , Maggini   , Maggiolini , Maggiolo , Maggioni , Maggiora   , Magherini , Magistrelli , Magli , 
Magliocca , Magliocco , Magnaghi , Magnago   , Magnani , Magnano   , Magnetto , Magnini , Magnotta , Magoni , Magri , Magrini , Maimone , Mainardi , Mainella , Mainetti , Maiocchi , Maioli , Maione , Majorana   , Malacarne , Malagò , Malagoli , Malatesta , Malavasi , Maldarelli , Maletti , Malfatti , Malgioglio , Malinverni , Malipiero , Mallucci , Malori , Malpezzi , Maltoni , Malvestiti , Malvezzi , Mammana , Mammarella , Mammoliti , Manacorda , Manara , Manardi , Manassero , Mancinelli , Mancini , Mandelli , Mandorlini , Manelli , Manenti , Manetti , Manfredi , Manfredini , Manganelli , Mangano , Mangiante , Mangiapane , Maniero , Mannari , Mannarino , Mannelli , Mannini , Mannironi , Mannucci , Mannuzzu , Mantica   , Mantovan , Mantovani   , Mantovano , Manucci , Manzini   , Manzotti , Manzullo , Maraini , Marangon , Marangoni , Marani , Marano   , Marasco , Maraviglia , Marcaccio , Marcato   , Marcelli , Marcello , Marchegiani , Marchei , Marchelli , Marchetta , Marchetti , Marchi , Marchiano , Marchini , Marchio , Marchione , Marchioni , Marchionni , Marchiori , Marchioro , Marchisio , Marchitelli , Marciano , Marcolini , Marconato , Marconi , Marcora , Marcuzzi , Marcuzzo , Marello , Marenco , Marescalchi , Margiotta , Margotti , Marianelli , Mariani , Mariano , Mariano   , Marinaccio , Marinangeli , Marinari , Marinello , Marinetti , Marini , Marino   , Mariotti   , Maritato , Marocchi , Marone   , Marotta   , Marotti , Marozzi , Marozzo , Marraccini , Marri   , Marrone , Marsaglia   , Marsala   , Marsili   , Martegani , Martelli , Martignoni , Martinelli , Martinello , Martinenghi , Martini   , Martino , Martinozzi , Martiradonna , Martucci , Marucelli , Marullo , Marzano   , Marzocca , Marzoli , Marzulli , Marzullo , Mascia , Masciotta , Masera   , Masetti , Masiello , Masiero , Masino , Mason   , Massalongo , Massaro , Massi   , Massimo , Massimo family , Massone   , Massoni , Massucci , Mastalli , Mastandrea , Mastantuono , Mastrantonio , Mastroianni , Mastromarino , Mastronardi , Mastropietro , Matarrese , Materazzi , Mattarella , Matteini , Matteotti , Matteucci , Mattiello , Maugeri , Mauro   , Mazza   , Mazzacurati , Mazzaferro , Mazzanti , Mazzantini , Mazzarella   , Mazzarelli , Mazzarini , Mazzeo , Mazzetti , Mazzia , ·  Mazzina , Mazzinghi , Mazzini   , Mazzitelli , Mazzo   , Mazzocchi , Mazzocco , Mazzola   , Mazzolari , Mazzoleni , Mazzoli , Mazzone , Mazzoni , Mazzotta , Mazzucato , Mazzucco , Mazzuoli   , Mealli , Meazza , Medda , Mei   , Meini , Melandri , Melato , Melchiorri , Melis , Mellano , Mellini , Meloni , Melucci , Menconi , Mendicino   , Menegatti , Meneghello , Meneghetti , Meneghin   , Meneghini , Menegon , Menga , Mengoni , Mengozzi , Menichelli , Menzio , Meola , Meoni , Meotti , Meregalli , Mereghetti , Merini , Merisi , Merli , Merlino   , Merloni , Merola , Mesiano   , Messeri , Messina   , Messori , Meucci , Miano   , Micara , Miccoli , Miceli , Michelangeli , Micheletti , Micheletto , Micheli , Michelini , Micheloni , Michelotti , Michelotto , Michelucci , Micheluzzi , Michetti , Migliaccio , Migliavacca , Migliore   , Migliori , Migliorini , Mignani , Mignogna , Milan   , Milanese   , Milanesio , Milano   , Milesi , Militano , Millico , Minardi   , Minella , Mineo   , Minetti , Mingazzini , Minghella , Minghetti , Mingozzi , Minguzzi , Minichiello   , Minieri , Minnelli , Minniti , Minoia , Minoli , Minotti   , Minucci , Minutillo , Minuto   , Miori   , Miotto , Mirabassi , Missaglia   , Missiroli , Missoni   , Misuraca , Mizzan , Mizzau , Moccia , Mochi   , Modesti , Modesto   , Modiano   , Mogavero , Moggi , Mogherini , Molano , Molaro   , Molinari , Molinaro , Molinelli , Mollica , Molteni   , Monaldi , Mondini , Montanari   , Montanaro   , Montani   , Montefiore   , Monteleone   , Montella   , Montenegro   , Montesi , Montevecchi , Monti   , Monticelli   , Montiglio   , Montuori , Monzeglio , Morabito , Morace , Morandi , Morandini , Morano , Morante , Morbidelli   , Morelli , Morello   , Moreni   , Moresi , Moretti   , Morettini , Morgante   , Mori , Moriani , Morichini , Morici , Moriconi , Morigi , Morin , Morina   , Morini   , Morino   , Morisetti , Morlacchi , Morleo , Morlino , Mormando , Moro   , Moroni   , Morosini , Morpurgo , Morra , Morresi , Morselli , Mortara   , Mosca , Moscardini , Moscariello , Moscatelli , Moscati , Moschini , Moschitta , Mosetti , Mosna   , Mossi   , Motta   , Mottola   , Moze , Muccino , Muccioli , Mugnaini , Mulè , 
Munari , Mura   , Muraro , Muratori , Murolo , Musante , Musetti , Musiani , Mussi , Mussini , Mussolini , Musumeci , Mutarelli , Mutti   , Muzzarelli , Muzzi , Nadal   , Nadi   , Nagli , Naldi , Nanetti , Nanni , Napoleoni , Napoletano , Napoli   , Napolioni , Napolitano , Narciso , Nardella , Nardelli , Nardini   , Nardone , Nardoni , Narducci , Nasini , Natale   , Natali   , Navarrini , Navarro   , Navone , Nazari , Negrelli , Negri   , Negrini , Negro   , Negroni   , Nenci , Nencini , Neri   , Neroni , Nesci , Nespoli , Nesti , Nicco   , Niccolai , Nicoletti , Nicolini , Nicolosi   , Niggli , Nisini , Nizzi , Nizzola , Nobili , Nocco , Nocentini , Nocita , Nodari , Nogarotto , Nolli , Nordio , Notaro , Novelli , Novello   , Nucci , Nunnari , Nunziata , Nutini , Nuzzi , Nuzzo , Occhipinti , Ocone , Oddi   , Offredi , Oliva   , Oliveri   , Olivetti   , Olivi , Olivieri , Olmo   , Omodei , Ongarato , Ongaro , Onofrio , Onorato , Orazi , Orecchia , Orengo , Orfei , Orgiana , Oriani , Orlandi , Orlandini , Orlando   , Orrico , Orsatti , Orsenigo , Orsi , Orso , Oste   , Ottavi , Ottaviani , Ottone   , Pacelli , Pacetti , Paci , Pacini , Pacione , Paciotti , Pacitto , Padalino , Paderna   , Padoin , Padovano , Paganin , Paglia , Pagliarani , Pagliari , Pagliarini , Pagliaro , Pagliarulo , Pagliero , Pagnani , Pagni , Pagnini , Pagotto , Palamidessi , Palanti , Palatucci , Palazzani , Palazzi , Palazzolo   , Paleologa , Palermo   , Paletta , Palladino , Pallotta , Pallotti , Palma   , Palmieri , Palmiero , Palmisano , Palomo   , Paluselli , Pampanini , Panariello , Panatta , Pancheri , Pandini , Pandolfi , Pandolfini , Panerai   , Panetta , Panetti , Panettiere , Pangaro , Panizza , Panizzi , Pansino , Pantaleo , Pantano   , Pantoliano , Panzanini , Panzarino , Panzeri , Panzieri , Paoletta , Paoletti , Paoli   , Paolini , Paolo , Paoloni , Paolucci , Paonessa , Papaccio , Papalia , Paparella , Paparoni , Papetti , Papini , Pappalardi , Pappalardo , Paradiso   , Paramatti , Parenti   , Pareto , Parietti , Parisi , Parlato , Parlatore , Paro , Parravicini , Parrilli , Parrillo , Parrinello , Partini   , Paruta , Pascal   , Pascale , Pascoe , Pasculli , Pasetti , Pasinato , Pasinetti , Pasini , Pasolini   , Pasotti , Pasqual , Pasquale , Pasqualotto , Pasquini , Passalacqua , Passarelli , Passera   , Passeri   , Passionei , Passoni , Pastore   , Pastorello , Pastori , Paterlini , Paterno , Paterno   , Paterra , Patti   , Pavanelli , Pavesi , Pazzagli , Peano   , Peccenini , Pecchia , Pecchio , Pecorari , Pecoraro , Pecorini , Pedersoli , Pedicini , Pedranzini , Pedrazzi , Pedrazzini , Pedrelli , Pedretti , Pedrini , Pedroni , Pedrotti , Pelissero , Pellegrini   , Pellegrino   , Pellicano   , Pelliccioni , Pelligra , Pellino , Pellizzer , Pelosi , Penna   , Pennetta , Penzo , Pepe , Pepitone , Pera   , Péraldi , Peralta   , Perazzoli , Perazzolo , Percassi , Peretti , Perfetti , Pergolesi , Pergolini , Peri   , Pericoli , Perilli , Perillo , Perinetti , Perniola , Perosi , Perotti , Perri   , Perrino , Perroncito , Perroni , Perrotta , Perruzza , Persiani , Persichetti , Persico   , Pertile , Perucca , Perugini , Perversi , Pesaresi , Pescatore , Pescatori , Pesce , Peschisolido , Pesci , Pescucci , Pesenti , Pessi , Pessina , Pestrin , Petacci , Petito , Petracchi , Petrachi , Petrazzi , Petrazzuolo , Petrelli , Petrenga , Petri , Petriccione , Petrina   , Petrini , Petris   , Petrocelli   , Petrolini , Petrone , Petroni , Petrozzi , Petrucci   , Petruccioli , Petrucelli , Petruzzi , Pettinari , Pettinato , Pettine , Pezzani , Pezzati , Pezzi , Pezzoli   , Pezzota , Pezzulli , Pezzullo , Piacenti , Piacentini , Piacenza   , Piana   , Pianalto , Pianelli , Piantadosi , Piantanida , Piantedosi , Pianzola , Piatti   , Piazza   , Picardi , Picarelli , Picariello , Picchi , Picchiatti , Picchio , Piccinini , Piccinino , Piccinni , Piccio , Piccioli , Piccione , Piccioni , Picciotto , Piccirilli , Piccirillo , Piccoli , Piccolo   , Piccolomini   , Piccone , Picerni , Pichetto , Picozzi , Piemontesi , Pierdomenico , Pieretti , Pieri   , Pierobon , Pieroni , Pierotti , Piersanti , Pierucci , Pietra   , Pietrangeli , Pietrangelo , Pietrasanta   , Pietri , Pietrosanti , Pignatelli , Pigni , Pignotti , Pileggi , Pillitteri , Pilotti , Pimpini , Pinardi , 
Pinato , Pincherle , Pingitore , Pinizzotto , Pinotti , Pintauro , Pinto , Pioli , Piotti , Piovani , Piovano , Piperno   , Pirandello , Piranesi   , Pirillo , Piromalli , Pirone , Pironti , Pirovano , Pirro , Pisani   , Pisanu , Piscitelli , Piscopo , Pistelli , Pistilli , Pistocchi , Pistoia   , Pistone , Pivetti , Pizzaballa , Pizzarelli , Pizzarello , Pizzarotti , Pizzo   , Pizzolato , Pizzolo , Pizzuti , Plastino , Poggiali , Poggioli , Polacco , Poletti , Poli   , Polidori , Politano , Polizzi   , Pollastri , Pollastrini , Polledri , Polo   , Poloni   , Polverini , Pompanin , Pompeo , Pompili , Del Ponte , Pontecorvo   , Pontiggia , Ponzetti , Ponzo , Porcari   , Porcelli , Porcello , Porchetto , Porelli , Porpora   , Porri   , Porrini , Porro   , Porta   , Portelli , Portinari , Porzio , Possenti , Pozzato , Pozzi   , Pozzo   , Pozzoli , Pozzoni , Prandelli , Prandini , Pratella   , Pratesi , Pregadio , Presti   , Prestia , Prestini , Prete , Preti , Previato , Prezioso , Prigioni , Principe   , Procacci , Prodi   , Profeta , Proietti , Protti , Provenzano , Provera , Pruili , Pruzzo , Puccia , Puccinelli , Puccio , Pucillo , Puggioni , Puglia   , Pugliese   , Puglisi , Pugno , Pulcini , Puleo , Pullicino , Punto , Puoti , Puppi , Puricelli , Quadri   , Quadrini , Quaglia , Quaranta , Quarantotto , Quarenghi , Quario , Quattrocchi , Quilici , Quintarelli , Quintavalla , Quintieri , Quinto   , Rabagliati , Raciti , Radaelli , Radici , Raffaele , Raffaelli , Ragazzi , Ragazzini , Ragghianti , Ragni , Ragonese , Raibolini , Raimondi   , Raimondo , Raimondo   , Rainaldi , Raiola , Ramazzini , Ramella , Rampi , Rampini , Rampino , Ranalli , Ranelli , Ranghieri , Rangoni , Ranieri , Ranucci , Rapisarda , Rapisardi , Rapuano , Rastelli , Rastrelli   , Ratti   , Ratto , Rava   , Ravaglia , Ravaioli , Ravalli , Ravasi , Ravasio , Ravelli , Ravizza , Razzi   , Reali , Reato , Rebagliati , Rebecchi , Rebiba , Reboletti , Rebosio , Rebuzzi , Recalcati , Recchi , Redolfi , Reggi , Reghini , Reginato , Regonesi , Reguzzoni , Remotti , Renda , Renica , Rennella , Renosto , Renzetti , Renzi   , Renzo , Restelli , Restifo , Rettino , Reverberi , Riani , Riberi , Ribisi , Riboldi , Ricardi , Riccardi , Ricchetti , Ricchiuti , Ricci , Ricciardi , Riccioni , Ricciotti , Riccitelli , Ricciulli , Richetti , Ridolfi , Rigali , Rigamonti , Rigano , Riggi , Righetti , Righi , Righini , Rigon , Rigoni , Rigotti , Rigotto , Riminucci , Rimoldi , Rinaldi , Rinaudo , Riolo , Ripamonti , Rissone , Riva   , Rivalta , Rivelli , Rivolta , Rizza   , Rizzi , Rizzo   , Rizzolo , Rizzotti , Rizzotto , Rizzuto , Roatta , Robbiati , Robotti , Rocca   , Roccati , Rocchetti , Rocchi , Rocci , Rocco , Rodighiero , Rognoni , Rolandi , Rolla , Romagnoli , Romanini , Romano   , Romeo   , Romizi , Roncalli , Ronchetti , Ronchi   , Ronconi , Rondinella   , Rondinelli , Ronzoni , Rosa   , Rosai , Rosati   , Rosato   , Rosazza   , Roselli , Rosetti , Rosolino , Rosselli , Rossi   , Rossini   , Rossitto , Rosso   , Rostagno , Rota   , Rotelli , Rotolo , Rotondi   , Rotondo , Rotundo , Roversi , Rozzi , Rubbiani , Ruberti , Ruberto , Rubino , Ruffato , Ruffini , Ruffo , Ruggeri , Ruggiano , Ruggieri , Ruggiero , Rugginenti , Ruini , Rulli   , Rullo , Rumore , Ruocco , Ruotolo , Rusconi   , Russo   , Russolo , Russotto , Rustici , Rusticucci , Rutigliano   , Ruvolo , Sabadini , Sabatelli , Sabatini   , Sabatino , Sabato   , Sabbatani , Sabbatino , Sabella   , Sacchi , Sacco , Sacconi , Sacerdote   , Sacerdoti , Saetti , Saffioti , Saitta , Salamone , Salemme , Salerno   , Salimbeni , Salini   , Salsano , Saltalamacchia , Salvadori   , Salvarezza , Salvatore   , Salvatori , Salvetti , Salvini   , Salvino , Salvioni , Salvo   , Sammartino , Sampirisi , Sandreani , Sandrelli , Sandri , Sandrini , Sanesi , Sanguigni , Sanguinetti , Sannazzaro , Sannino , Sanquirico , Sansonetti , Sansovini , Santagostino   , Santambrogio , Santarelli , Santarsiero , Santelli , Santifaller , Santilli , Santini , Santopadre   , Santora , Santori , Santorio , Santoro , Santucci , Saracino , Saraudi , Sardagna , Sardi , Sarri , Sarti , Sarto , Sartorelli , Sartori , Sartorio , Sartoris   , Sassi   , Sasso , Sassoli , Sassone , Satriano   , Savarino , Savastano , 
Savelli   , Savi   , Saviane , Saviano   , Savini , Savino   , Savoldi , Savonarola , Sbarbaro , Sbardella , Scaccia   , Scaduto , Scaletti , Scalia   , Scalvini , Scalzi , Scalzone , Scanzoni , Scapini , Scappi , Scapuzzi , Scaramelli , Scarampi , Scaramucci   , Scaramuzza , Scarcella , Scarchilli , Scardina , Scardino , Scarfiotti , Scarlatti , Scarnecchia , Scarpa , Scarpati , Scarpelli , Scarpellini , Scarponi , Scarsella , Scarselli , Scartezzini , Scaruffi , Scattini , Schelotto , Schembri , Schettino , Schiaffini , Schiaffino , Schiaparelli   , Schiattarella , Schiavelli , Schiavetti , Schiavi   , Schiavon   , Schiavone , Schiavonetti , Schifano , Schifilliti , Schillaci , Schiraldi , Schirinzi , Sciammarella , Scianna , Sciarra , Sciascia , Scibelli , Scilla   , Scinto , Scionti , Scipioni , Scirea , Sciuto , Sclanizza , Scocco , Scognamiglio , Scognamillo , Scopoli , Scorsese   , Scorsone , Scortechini , Scotto , Scozzafava , Sebastiano , Secchi , Secco , Seganfredo , Segantini , Segarelli , Segato , Seghizzi , Segre   , Sella   , Selleri , Selva   , Selvaggi , Selvaggio , Seminara   , Semini , Semino , Senesi , Sentimenti , Sepe   , Serenelli , Sereni , Sermonti , Serpico   , Serra   , Serracchiani , Serraino , Serraiocco , Serrano   , Serrao , Sertorelli , Servetto , Servino , Sestito , Setti , Severgnini , Severi   , Severini , Sevieri , Sfondrati , Sgalambro , Sgarbi , Sgro , Siani   , Sichi   , Sicignano   , Siciliani , Sidoli , Sidoti , Siega , Siffredi , Sigismondi , Signorelli , Signorile , Signorini , Sigona , Siino , Silone , Silveri , Silvestri , Silvestrin , Silvestrini , Simari , Simeoni , Simonazzi , Simoncelli , Simoncini , Simone   , Simonelli , Simonetta , Simonetti   , Simoni , Simonini   , Sinisgalli   , Siravo , Sirola , Sironi , Siviero , Sivori , Smecchia , Sodero , Sodini , Solari   , Soldano , Soldati , Soldi   , Soldo   , Solenghi , Soleri , Solimena , Solinas , Sollima , Solmi , Sommariva   , Sonego , Sonnino   , Soprani , Sorbi , Sorce , Sormani , Sorrentino , Spacca , Spadaccini , Spadaro , Spadavecchia , Spadea   , Spadoni , Spaggiari , Spagnola , Spampinato , Sparano , Spaventa , Spaziani , Sperduti , Sperelli , Speroni , Sperotto , Spinella , ·  Spinelli , 
Spinetti , Spinosa , Spisanelli , Sposito , Squicciarini , Squitieri , Stabile , Stacchini , Staccioli , Staccione , Stagliano , Stallone   , Stampone , Stanzione , Starrabba , Statuto , Stecchi , Stefaneschi , Stefani   , Stefanini , Stefano , Stefanoni , Stella   , Stellato , Stellini , Stendardo , Stivanello , Stocchi , Storti , Stortoni , Strada   , Stradiotto , Strambelli , Stramigioli , Stroppa , Strozzi , Stuani , Sturzo , Succi , Sudano , Sullo , Sunseri , Suriano , Tabacchi , Tabanelli , Tacchinardi , Tacchini , Taccone , Tacconi , Taddei , Tadolini , Tafuri , Tagliaferri , Tagliaferro , Tagliafico , Taglialatela , Tagliani , Tagliavini , Tagliente , Taglietti , Tagnin , Taliani , Tallarico , Tamborini , Tambroni , Tamburello   , Tamburi   , Tamburini , Tantardini , Tanzini , Tarantini , Tarantino   , Tarchi , Tardelli , Tarozzi , Tarquini , Tartarini , Taruffi , Tasca   , Tassi , Tassinari , Tassone , Tassoni , Tatarella , Tatasciore , Tato   , Tattini , Tauriello , Tavano , Taviani   , Tecchio , Tedeschi   , Tedesco   , Tegano , Tempesta   , Temporelli , Teodorani , Teodori , Terlizzi   , Terrani , Terranova   , Terzano , Terzi , Tesi , Tessari , Tessaro , Tessitore , Testa   , Testoni , Tettamanti , Tibaldi , Tiberi , Tiberio , Ticci , Ticozzi , Tiezzi , Timpanaro , Tirabassi , Tiraboschi , Tirelli , Tisci , Titone , Tocci , Todaro , Tofanelli , Tofano , Toffanin , Toffoli , Tognazzini , Togni , Tognini , Tognoli , Tognon , Tognoni , Toia , Tomarchio , Tomaselli , Tomasi , Tomasini , Tomasino , Tomassetti , Tomassini , Tomassoni , Tombesi , Tommasi , Tommasini , Tonani , Toneatto , Tonelli   , Tonello , Tonetti , Tonetto , Toninelli , Tonini , Tonioli , Toniolo , Tonoli , Tonti , Tontini , Tontodonati , Tonucci , Toppazzini , Torchio , Tornaghi , Tornielli , Torre   , Torregiani , Torretti , Torricelli , Torrieri , Torrisi , Tortolano , Tortora   , Tortorella   , Tosato , Toscano , Toselli , Tosini , Toso   , Totino , Totti , Tozzo , Trafeli , Tranquilli , Travaglia , Travaglini , Travaglio , Traversa , Travia , Trebbi , Trentin , Trentini , Tresoldi , Trevisi , Trezza , Trezzi , Trigilia , Trillini , Trimboli , Trincavelli , Trivellato , Trivigno   , Trobbiani , Troisi , Tropea   , Trotta , Trotti , Trucco   , Trunfio , Trupiano , Trussardi   , Tugnoli , Tumiati , Turcato , Turchetta , Turchi   , Turci , Turicchia , Turrini , Turroni , Turturro , Tutino , Tuveri , Ubaldini , Ubertalli , Uberti , Ubriaco , Uccello , Ucci   , Uggeri , Ulivelli , Ungaretti , Ungaro , Urbinati , Ursi , Ursino , Uttini , Vacca   , Vaccarezza , Vaccarini , Vaccaro , Vacchelli , Vailati , Vairo , Valcareggi , Valdoni , Valente , Valentino   , Valeriote   , Valla   , Valle   , Valletti , Valvano , Valvassori , Vandelli , Vanetti , Vannelli , Vannini , Vannutelli , Vanoli , Vanoni , Vanzetti , Varetto , Varotti , Vasari   , Vassallo , Vastola , Vavassori , Vecchi , Vecchiarelli , Vecchiato , Vecchione , Vedovato , Veggio , Velardi , Velliscig , Velotti , Veltroni , Velutini , Venditti , Vendramini , Veneziani , Veneziano , Veneziano   , Vento   , Ventola , Ventre , Ventura , Ventura   , Venturi   , Venturoli , Veracini , Verani   , Vercelli   , Verdirame , Verduci , Vergani , Vergano , Vergassola , Vernati , Vernizzi , Verona   , Veronelli , Veronesi , Verratti , Verri , Verzura , Vescio , Vescovo , Vespignani , Vespoli   , Vettori , Vetulani , Vezzani   , Vezzoli , Vezzosi , Viali , Viani , Viceconte , Vicinelli , Vicino , Vida , Vieri   , Viganò   , Vigarani , Vigliano   , Vigliotti , Vigna   , Vignali , Vignoli , Vilardi   , Villa   , Villani , Villari   , Villasanti , Villoresi , Vinaccia , Viola   , Violi , Viotti   , Virzì , Visentini , Visintini , Vismara , Vistarini , Vitali , Vitarelli , Vitetti , Vitiello , Vittadini , Vittone , Vittori , Vittorini , Vivaldi   , Viviani , Vizzini   , Vollaro , Volpe , Volpi , Voltolini , Votto   ,  Wolf-Ferrari , Zabarella , Zaccagni , Zacchia , Zacchini , Zacconi , Zaffaroni , Zagato   , Zago   , Zaia   , Zambeccari , Zambelli , Zamboni   , Zampaglione , Zampano , Zamparelli , Zamparini , Zampatti , Zamperini , Zampese , Zampieri , Zandomeneghi , Zanelli , Zanetti , Zangari , Zangheri , Zaniboni , Zanin , Zanini , Zannoni , Zanoletti , Zanolini , Zanon , Zanotelli , Zanotti , Zanussi   , Zanzi , Zappa , Zappa   , Zappacosta   , Zappella , Zappi , Zarcone , Zardini , Zauli , Zavoli , Zecchi , Zedda , Zenatello , Zenere , Zeni , Zenoni   , Zerbini , Zerilli , Ziani , Zichichi , Zilioli , Zinetti , Zingarelli   , Zingaretti , Zito   , Zoboli , Zocchi , Zollo , Zoppetti , Zoppi , Zoppo , Zordan , Zorri , Zorzi  , Zuccarelli , Zucchi , Zuccotti , Zuffi , Zugno , Zuliani , Zulli , Zullo , Zumbo   , Zunino , Zurlo